Ma san pham;Ten san pham;So luong;Gia 1 san pham;Ngay nhap
1;bo loai A1;19;500.000;01/10/2024
2;bo loai A2;9;450.000;01/10/2024
3;bo loai A3;11;400.000;01/10/2024
4;bo loai A4;9;350.000;01/10/2024
5;bo loai A5;9;300.000;01/10/2024
1;bo loai A1;21;500.000;02/10/2024
2;bo loai A2;25;450.000;02/10/2024
3;bo loai A3;17;400.000;02/10/2024
4;bo loai A4;9;350.000;02/10/2024
5;bo loai A5;8;300.000;02/10/2024
1;bo loai A1;2;500.000;03/10/2024
2;bo loai A2;11;450.000;03/10/2024
3;bo loai A3;16;400.000;03/10/2024
4;bo loai A4;9;350.000;03/10/2024
5;bo loai A5;9;300.000;03/10/2024
1;bo loai A1;15;500.000;04/10/2024
2;bo loai A2;13;450.000;04/10/2024
3;bo loai A3;13;400.000;04/10/2024
4;bo loai A4;13;350.000;04/10/2024
5;bo loai A5;10;300.000;04/10/2024
1;bo loai A1;12;500.000;05/10/2024
2;bo loai A2;13;450.000;05/10/2024
3;bo loai A3;14;400.000;05/10/2024
4;bo loai A4;13;350.000;05/10/2024
5;bo loai A5;3;300.000;05/10/2024
1;bo loai A1;8;500.000;06/10/2024
2;bo loai A2;13;450.000;06/10/2024
3;bo loai A3;21;400.000;06/10/2024
4;bo loai A4;15;350.000;06/10/2024
5;bo loai A5;14;300.000;06/10/2024
1;bo loai A1;12;500.000;07/10/2024
2;bo loai A2;10;450.000;07/10/2024
3;bo loai A3;14;400.000;07/10/2024
4;bo loai A4;18;350.000;07/10/2024
5;bo loai A5;5;300.000;07/10/2024
1;bo loai A1;25;500.000;08/10/2024
2;bo loai A2;5;450.000;08/10/2024
3;bo loai A3;9;400.000;08/10/2024
4;bo loai A4;15;350.000;08/10/2024
5;bo loai A5;10;300.000;08/10/2024
1;bo loai A1;12;500.000;09/10/2024
2;bo loai A2;9;450.000;09/10/2024
3;bo loai A3;8;400.000;09/10/2024
4;bo loai A4;12;350.000;09/10/2024
5;bo loai A5;8;300.000;09/10/2024
1;bo loai A1;15;500.000;10/10/2024
2;bo loai A2;11;450.000;10/10/2024
3;bo loai A3;23;400.000;10/10/2024
4;bo loai A4;5;350.000;10/10/2024
5;bo loai A5;15;300.000;10/10/2024
1;bo loai A1;3;500.000;11/10/2024
2;bo loai A2;8;450.000;11/10/2024
3;bo loai A3;5;400.000;11/10/2024
4;bo loai A4;6;350.000;11/10/2024
5;bo loai A5;10;300.000;11/10/2024
1;bo loai A1;15;500.000;12/10/2024
2;bo loai A2;11;450.000;12/10/2024
3;bo loai A3;10;400.000;12/10/2024
4;bo loai A4;9;350.000;12/10/2024
5;bo loai A5;14;300.000;12/10/2024
1;bo loai A1;11;500.000;13/10/2024
2;bo loai A2;14;450.000;13/10/2024
3;bo loai A3;6;400.000;13/10/2024
4;bo loai A4;16;350.000;13/10/2024
5;bo loai A5;8;300.000;13/10/2024
1;bo loai A1;7;500.000;14/10/2024
2;bo loai A2;14;450.000;14/10/2024
3;bo loai A3;8;400.000;14/10/2024
4;bo loai A4;18;350.000;14/10/2024
5;bo loai A5;10;300.000;14/10/2024
1;bo loai A1;11;500.000;15/10/2024
2;bo loai A2;14;450.000;15/10/2024
3;bo loai A3;16;400.000;15/10/2024
4;bo loai A4;27;350.000;15/10/2024
5;bo loai A5;11;300.000;15/10/2024
1;bo loai A1;16;500.000;16/10/2024
2;bo loai A2;10;450.000;16/10/2024
3;bo loai A3;15;400.000;16/10/2024
4;bo loai A4;10;350.000;16/10/2024
5;bo loai A5;9;300.000;16/10/2024
1;bo loai A1;16;500.000;17/10/2024
2;bo loai A2;8;450.000;17/10/2024
3;bo loai A3;11;400.000;17/10/2024
4;bo loai A4;10;350.000;17/10/2024
5;bo loai A5;15;300.000;17/10/2024
1;bo loai A1;12;500.000;18/10/2024
2;bo loai A2;12;450.000;18/10/2024
3;bo loai A3;6;400.000;18/10/2024
4;bo loai A4;3;350.000;18/10/2024
5;bo loai A5;20;300.000;18/10/2024
1;bo loai A1;10;500.000;19/10/2024
2;bo loai A2;25;450.000;19/10/2024
3;bo loai A3;23;400.000;19/10/2024
4;bo loai A4;8;350.000;19/10/2024
5;bo loai A5;26;300.000;19/10/2024
1;bo loai A1;13;500.000;20/10/2024
2;bo loai A2;10;450.000;20/10/2024
3;bo loai A3;19;400.000;20/10/2024
4;bo loai A4;35;350.000;20/10/2024
5;bo loai A5;10;300.000;20/10/2024
